{"cameraMode":{"drawMode":0,"name":"Shaded","section":"Shading Mode"},"sceneLighting":false,"audioPlay":false,"sceneViewState":{"showFog":true,"showMaterialUpdate":false,"showSkybox":false,"showFlares":true,"showImageEffects":true,"showParticleSystems":true},"in2DMode":false,"pivot":{"x":0.23337379097938538,"y":1.276605248451233,"z":0.6576436758041382},"rotation":{"x":-0.08595385402441025,"y":0.8267707228660584,"z":-0.13156647980213166,"w":-0.5401378870010376},"size":1.0184752941131592,"orthographic":false}