{"cameraMode":{"drawMode":0,"name":"Shaded","section":"Shading Mode"},"sceneLighting":true,"audioPlay":false,"sceneViewState":{"showFog":true,"showMaterialUpdate":false,"showSkybox":true,"showFlares":true,"showImageEffects":true,"showParticleSystems":true},"in2DMode":false,"pivot":{"x":425.514892578125,"y":348.69537353515627,"z":-3.4273681640625},"rotation":{"x":0.06469148397445679,"y":0.04700862988829613,"z":-0.0030450315680354835,"w":0.9967712163925171},"size":835.6442260742188,"orthographic":false}