{"cameraMode":{"drawMode":0,"name":"Shaded","section":"Shading Mode"},"sceneLighting":false,"audioPlay":false,"sceneViewState":{"showFog":true,"showMaterialUpdate":false,"showSkybox":false,"showFlares":true,"showImageEffects":true,"showParticleSystems":true},"in2DMode":false,"pivot":{"x":1.4838191270828248,"y":0.9119613170623779,"z":0.07111643999814987},"rotation":{"x":0.014435107819736004,"y":-0.9787566065788269,"z":0.19057965278625489,"w":0.0741429552435875},"size":1.114743947982788,"orthographic":false}