{"cameraMode":{"drawMode":0,"name":"Shaded","section":"Shading Mode"},"sceneLighting":true,"audioPlay":false,"sceneViewState":{"showFog":true,"showMaterialUpdate":false,"showSkybox":true,"showFlares":true,"showImageEffects":true,"showParticleSystems":true},"in2DMode":false,"pivot":{"x":482.1634216308594,"y":214.29257202148438,"z":5.9591064453125},"rotation":{"x":-0.05727745220065117,"y":-0.00539450952783227,"z":0.00030971720116212964,"w":-0.9983540177345276},"size":992.9078369140625,"orthographic":false}