{"cameraMode":{"drawMode":0,"name":"Shaded","section":"Shading Mode"},"sceneLighting":true,"audioPlay":false,"sceneViewState":{"showFog":true,"showMaterialUpdate":false,"showSkybox":true,"showFlares":true,"showImageEffects":true,"showParticleSystems":true},"in2DMode":false,"pivot":{"x":-2.0302371978759767,"y":0.6432094573974609,"z":5.10508394241333},"rotation":{"x":0.3785088062286377,"y":-0.5255364179611206,"z":0.2808634042739868,"w":0.7082515358924866},"size":23.28162956237793,"orthographic":false}