{"cameraMode":{"drawMode":0,"name":"Shaded","section":"Shading Mode"},"sceneLighting":false,"audioPlay":false,"sceneViewState":{"showFog":true,"showMaterialUpdate":false,"showSkybox":false,"showFlares":true,"showImageEffects":true,"showParticleSystems":true},"in2DMode":false,"pivot":{"x":0.035228848457336429,"y":-0.05530405417084694,"z":-0.011741518042981625},"rotation":{"x":0.022449107840657235,"y":-0.7080110311508179,"z":0.022528406232595445,"w":0.705478310585022},"size":0.9684378504753113,"orthographic":false}