{"cameraMode":{"drawMode":0,"name":"Shaded","section":"Shading Mode"},"sceneLighting":false,"audioPlay":false,"sceneViewState":{"showFog":true,"showMaterialUpdate":false,"showSkybox":false,"showFlares":true,"showImageEffects":true,"showParticleSystems":true},"in2DMode":false,"pivot":{"x":1.0131125450134278,"y":0.9057943820953369,"z":1.142503261566162},"rotation":{"x":0.08841962367296219,"y":-0.834646999835968,"z":0.14053472876548768,"w":0.5251529812812805},"size":0.7517118453979492,"orthographic":false}